,gait,task,direction,id,length
0,trot,straight,forward,Quadruped_0,790
1,trot,straight,forward,Quadruped_1,781
2,trot,straight,forward,Quadruped_2,781
3,trot,straight,forward,Quadruped_3,781
4,trot,straight,forward,Quadruped_4,781
5,trot,straight,forward,Quadruped_5,781
6,trot,straight,forward,Quadruped_6,781
7,trot,straight,forward,Quadruped_7,781
8,trot,straight,forward,Quadruped_8,781
9,trot,straight,forward,Quadruped_9,781
10,trot,straight,forward,Quadruped_10,781
11,trot,straight,forward,Quadruped_11,781
12,trot,straight,forward,Quadruped_12,781
13,trot,straight,forward,Quadruped_13,781
14,trot,straight,forward,Quadruped_14,781
15,trot,straight,forward,Quadruped_15,781
16,trot,straight,forward,Quadruped_16,781
17,trot,straight,forward,Quadruped_17,781
18,trot,straight,forward,Quadruped_18,781
19,trot,straight,forward,Quadruped_19,781
20,trot,straight,forward,Quadruped_20,781
21,trot,straight,forward,Quadruped_21,781
22,trot,straight,forward,Quadruped_22,781
23,trot,straight,forward,Quadruped_23,781
24,trot,straight,forward,Quadruped_24,781
25,trot,straight,forward,Quadruped_25,781
26,trot,straight,forward,Quadruped_26,781
27,trot,straight,forward,Quadruped_27,781
28,trot,straight,forward,Quadruped_28,781
29,trot,straight,forward,Quadruped_29,781
30,trot,straight,forward,Quadruped_30,781
31,trot,straight,forward,Quadruped_31,781
32,trot,straight,forward,Quadruped_32,781
33,trot,straight,forward,Quadruped_33,781
34,trot,straight,forward,Quadruped_34,781
35,trot,straight,forward,Quadruped_35,781
36,trot,straight,forward,Quadruped_36,781
37,trot,straight,forward,Quadruped_37,781
38,trot,straight,forward,Quadruped_38,781
39,trot,straight,forward,Quadruped_39,781
40,trot,straight,forward,Quadruped_40,781
41,trot,straight,forward,Quadruped_41,781
42,trot,straight,forward,Quadruped_42,781
43,trot,straight,forward,Quadruped_43,781
44,trot,straight,forward,Quadruped_44,781
45,trot,straight,forward,Quadruped_45,781
46,trot,straight,forward,Quadruped_46,781
47,trot,straight,forward,Quadruped_47,781
48,trot,straight,forward,Quadruped_48,781
49,trot,straight,forward,Quadruped_49,781
50,trot,straight,backward,Quadruped_50,790
51,trot,straight,backward,Quadruped_51,781
52,trot,straight,backward,Quadruped_52,781
53,trot,straight,backward,Quadruped_53,781
54,trot,straight,backward,Quadruped_54,781
55,trot,straight,backward,Quadruped_55,781
56,trot,straight,backward,Quadruped_56,781
57,trot,straight,backward,Quadruped_57,781
58,trot,straight,backward,Quadruped_58,781
59,trot,straight,backward,Quadruped_59,781
60,trot,straight,backward,Quadruped_60,781
61,trot,straight,backward,Quadruped_61,781
62,trot,straight,backward,Quadruped_62,781
63,trot,straight,backward,Quadruped_63,781
64,trot,straight,backward,Quadruped_64,781
65,trot,straight,backward,Quadruped_65,781
66,trot,straight,backward,Quadruped_66,781
67,trot,straight,backward,Quadruped_67,781
68,trot,straight,backward,Quadruped_68,781
69,trot,straight,backward,Quadruped_69,781
70,trot,straight,backward,Quadruped_70,781
71,trot,straight,backward,Quadruped_71,781
72,trot,straight,backward,Quadruped_72,781
73,trot,straight,backward,Quadruped_73,781
74,trot,straight,backward,Quadruped_74,781
75,trot,straight,backward,Quadruped_75,781
76,trot,straight,backward,Quadruped_76,781
77,trot,straight,backward,Quadruped_77,781
78,trot,straight,backward,Quadruped_78,781
79,trot,straight,backward,Quadruped_79,781
80,trot,straight,backward,Quadruped_80,781
81,trot,straight,backward,Quadruped_81,781
82,trot,straight,backward,Quadruped_82,781
83,trot,straight,backward,Quadruped_83,781
84,trot,straight,backward,Quadruped_84,781
85,trot,straight,backward,Quadruped_85,781
86,trot,straight,backward,Quadruped_86,781
87,trot,straight,backward,Quadruped_87,781
88,trot,straight,backward,Quadruped_88,781
89,trot,straight,backward,Quadruped_89,781
90,trot,straight,backward,Quadruped_90,781
91,trot,straight,backward,Quadruped_91,781
92,trot,straight,backward,Quadruped_92,781
93,trot,straight,backward,Quadruped_93,781
94,trot,straight,backward,Quadruped_94,781
95,trot,straight,backward,Quadruped_95,781
96,trot,straight,backward,Quadruped_96,781
97,trot,straight,backward,Quadruped_97,781
98,trot,straight,backward,Quadruped_98,781
99,trot,straight,backward,Quadruped_99,781
100,trot,straight,left,Quadruped_100,781
101,trot,straight,left,Quadruped_101,781
102,trot,straight,left,Quadruped_102,781
103,trot,straight,left,Quadruped_103,781
104,trot,straight,left,Quadruped_104,781
105,trot,straight,left,Quadruped_105,781
106,trot,straight,left,Quadruped_106,781
107,trot,straight,left,Quadruped_107,781
108,trot,straight,left,Quadruped_108,781
109,trot,straight,left,Quadruped_109,781
110,trot,straight,left,Quadruped_110,781
111,trot,straight,left,Quadruped_111,781
112,trot,straight,left,Quadruped_112,781
113,trot,straight,left,Quadruped_113,781
114,trot,straight,left,Quadruped_114,781
115,trot,straight,left,Quadruped_115,781
116,trot,straight,left,Quadruped_116,781
117,trot,straight,left,Quadruped_117,781
118,trot,straight,left,Quadruped_118,781
119,trot,straight,left,Quadruped_119,781
120,trot,straight,left,Quadruped_120,781
121,trot,straight,left,Quadruped_121,781
122,trot,straight,left,Quadruped_122,781
123,trot,straight,left,Quadruped_123,781
124,trot,straight,left,Quadruped_124,781
125,trot,straight,left,Quadruped_125,781
126,trot,straight,left,Quadruped_126,781
127,trot,straight,left,Quadruped_127,781
128,trot,straight,left,Quadruped_128,781
129,trot,straight,left,Quadruped_129,781
130,trot,straight,left,Quadruped_130,781
131,trot,straight,left,Quadruped_131,781
132,trot,straight,left,Quadruped_132,781
133,trot,straight,left,Quadruped_133,781
134,trot,straight,left,Quadruped_134,781
135,trot,straight,left,Quadruped_135,781
136,trot,straight,left,Quadruped_136,781
137,trot,straight,left,Quadruped_137,781
138,trot,straight,left,Quadruped_138,781
139,trot,straight,left,Quadruped_139,781
140,trot,straight,left,Quadruped_140,781
141,trot,straight,left,Quadruped_141,781
142,trot,straight,left,Quadruped_142,781
143,trot,straight,left,Quadruped_143,781
144,trot,straight,left,Quadruped_144,781
145,trot,straight,left,Quadruped_145,781
146,trot,straight,left,Quadruped_146,781
147,trot,straight,left,Quadruped_147,781
148,trot,straight,left,Quadruped_148,781
149,trot,straight,left,Quadruped_149,781
150,trot,straight,right,Quadruped_150,790
151,trot,straight,right,Quadruped_151,781
152,trot,straight,right,Quadruped_152,781
153,trot,straight,right,Quadruped_153,781
154,trot,straight,right,Quadruped_154,781
155,trot,straight,right,Quadruped_155,781
156,trot,straight,right,Quadruped_156,781
157,trot,straight,right,Quadruped_157,781
158,trot,straight,right,Quadruped_158,781
159,trot,straight,right,Quadruped_159,781
160,trot,straight,right,Quadruped_160,781
161,trot,straight,right,Quadruped_161,781
162,trot,straight,right,Quadruped_162,781
163,trot,straight,right,Quadruped_163,781
164,trot,straight,right,Quadruped_164,781
165,trot,straight,right,Quadruped_165,781
166,trot,straight,right,Quadruped_166,781
167,trot,straight,right,Quadruped_167,781
168,trot,straight,right,Quadruped_168,781
169,trot,straight,right,Quadruped_169,781
170,trot,straight,right,Quadruped_170,781
171,trot,straight,right,Quadruped_171,781
172,trot,straight,right,Quadruped_172,781
173,trot,straight,right,Quadruped_173,781
174,trot,straight,right,Quadruped_174,781
175,trot,straight,right,Quadruped_175,781
176,trot,straight,right,Quadruped_176,781
177,trot,straight,right,Quadruped_177,781
178,trot,straight,right,Quadruped_178,781
179,trot,straight,right,Quadruped_179,781
180,trot,straight,right,Quadruped_180,781
181,trot,straight,right,Quadruped_181,781
182,trot,straight,right,Quadruped_182,781
183,trot,straight,right,Quadruped_183,781
184,trot,straight,right,Quadruped_184,781
185,trot,straight,right,Quadruped_185,781
186,trot,straight,right,Quadruped_186,781
187,trot,straight,right,Quadruped_187,781
188,trot,straight,right,Quadruped_188,781
189,trot,straight,right,Quadruped_189,781
190,trot,straight,right,Quadruped_190,781
191,trot,straight,right,Quadruped_191,781
192,trot,straight,right,Quadruped_192,781
193,trot,straight,right,Quadruped_193,781
194,trot,straight,right,Quadruped_194,781
195,trot,straight,right,Quadruped_195,781
196,trot,straight,right,Quadruped_196,781
197,trot,straight,right,Quadruped_197,781
198,trot,straight,right,Quadruped_198,781
199,trot,straight,right,Quadruped_199,781
200,trot,turn,left,Quadruped_200,790
201,trot,turn,left,Quadruped_201,781
202,trot,turn,left,Quadruped_202,781
203,trot,turn,left,Quadruped_203,781
204,trot,turn,left,Quadruped_204,781
205,trot,turn,left,Quadruped_205,781
206,trot,turn,left,Quadruped_206,781
207,trot,turn,left,Quadruped_207,781
208,trot,turn,left,Quadruped_208,781
209,trot,turn,left,Quadruped_209,781
210,trot,turn,left,Quadruped_210,781
211,trot,turn,left,Quadruped_211,781
212,trot,turn,left,Quadruped_212,781
213,trot,turn,left,Quadruped_213,781
214,trot,turn,left,Quadruped_214,781
215,trot,turn,left,Quadruped_215,781
216,trot,turn,left,Quadruped_216,781
217,trot,turn,left,Quadruped_217,781
218,trot,turn,left,Quadruped_218,781
219,trot,turn,left,Quadruped_219,781
220,trot,turn,left,Quadruped_220,781
221,trot,turn,left,Quadruped_221,781
222,trot,turn,left,Quadruped_222,781
223,trot,turn,left,Quadruped_223,781
224,trot,turn,left,Quadruped_224,781
225,trot,turn,left,Quadruped_225,781
226,trot,turn,left,Quadruped_226,781
227,trot,turn,left,Quadruped_227,781
228,trot,turn,left,Quadruped_228,781
229,trot,turn,left,Quadruped_229,781
230,trot,turn,left,Quadruped_230,781
231,trot,turn,left,Quadruped_231,781
232,trot,turn,left,Quadruped_232,781
233,trot,turn,left,Quadruped_233,781
234,trot,turn,left,Quadruped_234,781
235,trot,turn,left,Quadruped_235,781
236,trot,turn,left,Quadruped_236,781
237,trot,turn,left,Quadruped_237,781
238,trot,turn,left,Quadruped_238,781
239,trot,turn,left,Quadruped_239,781
240,trot,turn,left,Quadruped_240,781
241,trot,turn,left,Quadruped_241,781
242,trot,turn,left,Quadruped_242,781
243,trot,turn,left,Quadruped_243,781
244,trot,turn,left,Quadruped_244,781
245,trot,turn,left,Quadruped_245,781
246,trot,turn,left,Quadruped_246,781
247,trot,turn,left,Quadruped_247,781
248,trot,turn,left,Quadruped_248,781
249,trot,turn,left,Quadruped_249,781
250,trot,turn,right,Quadruped_250,790
251,trot,turn,right,Quadruped_251,781
252,trot,turn,right,Quadruped_252,781
253,trot,turn,right,Quadruped_253,781
254,trot,turn,right,Quadruped_254,781
255,trot,turn,right,Quadruped_255,781
256,trot,turn,right,Quadruped_256,781
257,trot,turn,right,Quadruped_257,781
258,trot,turn,right,Quadruped_258,781
259,trot,turn,right,Quadruped_259,781
260,trot,turn,right,Quadruped_260,781
261,trot,turn,right,Quadruped_261,781
262,trot,turn,right,Quadruped_262,781
263,trot,turn,right,Quadruped_263,781
264,trot,turn,right,Quadruped_264,781
265,trot,turn,right,Quadruped_265,781
266,trot,turn,right,Quadruped_266,781
267,trot,turn,right,Quadruped_267,781
268,trot,turn,right,Quadruped_268,781
269,trot,turn,right,Quadruped_269,781
270,trot,turn,right,Quadruped_270,781
271,trot,turn,right,Quadruped_271,781
272,trot,turn,right,Quadruped_272,781
273,trot,turn,right,Quadruped_273,781
274,trot,turn,right,Quadruped_274,781
275,trot,turn,right,Quadruped_275,781
276,trot,turn,right,Quadruped_276,781
277,trot,turn,right,Quadruped_277,781
278,trot,turn,right,Quadruped_278,781
279,trot,turn,right,Quadruped_279,781
280,trot,turn,right,Quadruped_280,781
281,trot,turn,right,Quadruped_281,781
282,trot,turn,right,Quadruped_282,781
283,trot,turn,right,Quadruped_283,781
284,trot,turn,right,Quadruped_284,781
285,trot,turn,right,Quadruped_285,781
286,trot,turn,right,Quadruped_286,781
287,trot,turn,right,Quadruped_287,781
288,trot,turn,right,Quadruped_288,781
289,trot,turn,right,Quadruped_289,781
290,trot,turn,right,Quadruped_290,781
291,trot,turn,right,Quadruped_291,781
292,trot,turn,right,Quadruped_292,781
293,trot,turn,right,Quadruped_293,781
294,trot,turn,right,Quadruped_294,781
295,trot,turn,right,Quadruped_295,781
296,trot,turn,right,Quadruped_296,781
297,trot,turn,right,Quadruped_297,781
298,trot,turn,right,Quadruped_298,781
299,trot,turn,right,Quadruped_299,781
300,ds_crawl,straight,forward,Quadruped_300,900
301,ds_crawl,straight,forward,Quadruped_301,891
302,ds_crawl,straight,forward,Quadruped_302,891
303,ds_crawl,straight,forward,Quadruped_303,891
304,ds_crawl,straight,forward,Quadruped_304,891
305,ds_crawl,straight,forward,Quadruped_305,891
306,ds_crawl,straight,forward,Quadruped_306,891
307,ds_crawl,straight,forward,Quadruped_307,891
308,ds_crawl,straight,forward,Quadruped_308,891
309,ds_crawl,straight,forward,Quadruped_309,891
310,ds_crawl,straight,forward,Quadruped_310,891
311,ds_crawl,straight,forward,Quadruped_311,891
312,ds_crawl,straight,forward,Quadruped_312,891
313,ds_crawl,straight,forward,Quadruped_313,891
314,ds_crawl,straight,forward,Quadruped_314,891
315,ds_crawl,straight,forward,Quadruped_315,891
316,ds_crawl,straight,forward,Quadruped_316,891
317,ds_crawl,straight,forward,Quadruped_317,891
318,ds_crawl,straight,forward,Quadruped_318,891
319,ds_crawl,straight,forward,Quadruped_319,891
320,ds_crawl,straight,forward,Quadruped_320,891
321,ds_crawl,straight,forward,Quadruped_321,891
322,ds_crawl,straight,forward,Quadruped_322,891
323,ds_crawl,straight,forward,Quadruped_323,891
324,ds_crawl,straight,forward,Quadruped_324,891
325,ds_crawl,straight,forward,Quadruped_325,891
326,ds_crawl,straight,forward,Quadruped_326,891
327,ds_crawl,straight,forward,Quadruped_327,891
328,ds_crawl,straight,forward,Quadruped_328,891
329,ds_crawl,straight,forward,Quadruped_329,891
330,ds_crawl,straight,forward,Quadruped_330,891
331,ds_crawl,straight,forward,Quadruped_331,891
332,ds_crawl,straight,forward,Quadruped_332,891
333,ds_crawl,straight,forward,Quadruped_333,891
334,ds_crawl,straight,forward,Quadruped_334,891
335,ds_crawl,straight,forward,Quadruped_335,891
336,ds_crawl,straight,forward,Quadruped_336,891
337,ds_crawl,straight,forward,Quadruped_337,891
338,ds_crawl,straight,forward,Quadruped_338,891
339,ds_crawl,straight,forward,Quadruped_339,891
340,ds_crawl,straight,forward,Quadruped_340,891
341,ds_crawl,straight,forward,Quadruped_341,891
342,ds_crawl,straight,forward,Quadruped_342,891
343,ds_crawl,straight,forward,Quadruped_343,891
344,ds_crawl,straight,forward,Quadruped_344,891
345,ds_crawl,straight,forward,Quadruped_345,891
346,ds_crawl,straight,forward,Quadruped_346,891
347,ds_crawl,straight,forward,Quadruped_347,891
348,ds_crawl,straight,forward,Quadruped_348,891
349,ds_crawl,straight,forward,Quadruped_349,891
350,ds_crawl,straight,backward,Quadruped_350,904
351,ds_crawl,straight,backward,Quadruped_351,891
352,ds_crawl,straight,backward,Quadruped_352,891
353,ds_crawl,straight,backward,Quadruped_353,891
354,ds_crawl,straight,backward,Quadruped_354,891
355,ds_crawl,straight,backward,Quadruped_355,891
356,ds_crawl,straight,backward,Quadruped_356,891
357,ds_crawl,straight,backward,Quadruped_357,891
358,ds_crawl,straight,backward,Quadruped_358,891
359,ds_crawl,straight,backward,Quadruped_359,891
360,ds_crawl,straight,backward,Quadruped_360,891
361,ds_crawl,straight,backward,Quadruped_361,891
362,ds_crawl,straight,backward,Quadruped_362,891
363,ds_crawl,straight,backward,Quadruped_363,891
364,ds_crawl,straight,backward,Quadruped_364,891
365,ds_crawl,straight,backward,Quadruped_365,891
366,ds_crawl,straight,backward,Quadruped_366,891
367,ds_crawl,straight,backward,Quadruped_367,891
368,ds_crawl,straight,backward,Quadruped_368,891
369,ds_crawl,straight,backward,Quadruped_369,891
370,ds_crawl,straight,backward,Quadruped_370,891
371,ds_crawl,straight,backward,Quadruped_371,891
372,ds_crawl,straight,backward,Quadruped_372,891
373,ds_crawl,straight,backward,Quadruped_373,891
374,ds_crawl,straight,backward,Quadruped_374,891
375,ds_crawl,straight,backward,Quadruped_375,891
376,ds_crawl,straight,backward,Quadruped_376,891
377,ds_crawl,straight,backward,Quadruped_377,891
378,ds_crawl,straight,backward,Quadruped_378,891
379,ds_crawl,straight,backward,Quadruped_379,891
380,ds_crawl,straight,backward,Quadruped_380,891
381,ds_crawl,straight,backward,Quadruped_381,891
382,ds_crawl,straight,backward,Quadruped_382,891
383,ds_crawl,straight,backward,Quadruped_383,891
384,ds_crawl,straight,backward,Quadruped_384,891
385,ds_crawl,straight,backward,Quadruped_385,891
386,ds_crawl,straight,backward,Quadruped_386,891
387,ds_crawl,straight,backward,Quadruped_387,891
388,ds_crawl,straight,backward,Quadruped_388,891
389,ds_crawl,straight,backward,Quadruped_389,891
390,ds_crawl,straight,backward,Quadruped_390,891
391,ds_crawl,straight,backward,Quadruped_391,891
392,ds_crawl,straight,backward,Quadruped_392,891
393,ds_crawl,straight,backward,Quadruped_393,891
394,ds_crawl,straight,backward,Quadruped_394,891
395,ds_crawl,straight,backward,Quadruped_395,891
396,ds_crawl,straight,backward,Quadruped_396,891
397,ds_crawl,straight,backward,Quadruped_397,891
398,ds_crawl,straight,backward,Quadruped_398,891
399,ds_crawl,straight,backward,Quadruped_399,891
400,ds_crawl,straight,left,Quadruped_400,902
401,ds_crawl,straight,left,Quadruped_401,891
402,ds_crawl,straight,left,Quadruped_402,891
403,ds_crawl,straight,left,Quadruped_403,891
404,ds_crawl,straight,left,Quadruped_404,891
405,ds_crawl,straight,left,Quadruped_405,891
406,ds_crawl,straight,left,Quadruped_406,891
407,ds_crawl,straight,left,Quadruped_407,891
408,ds_crawl,straight,left,Quadruped_408,891
409,ds_crawl,straight,left,Quadruped_409,891
410,ds_crawl,straight,left,Quadruped_410,891
411,ds_crawl,straight,left,Quadruped_411,891
412,ds_crawl,straight,left,Quadruped_412,891
413,ds_crawl,straight,left,Quadruped_413,891
414,ds_crawl,straight,left,Quadruped_414,891
415,ds_crawl,straight,left,Quadruped_415,891
416,ds_crawl,straight,left,Quadruped_416,891
417,ds_crawl,straight,left,Quadruped_417,891
418,ds_crawl,straight,left,Quadruped_418,891
419,ds_crawl,straight,left,Quadruped_419,891
420,ds_crawl,straight,left,Quadruped_420,891
421,ds_crawl,straight,left,Quadruped_421,891
422,ds_crawl,straight,left,Quadruped_422,891
423,ds_crawl,straight,left,Quadruped_423,891
424,ds_crawl,straight,left,Quadruped_424,891
425,ds_crawl,straight,left,Quadruped_425,891
426,ds_crawl,straight,left,Quadruped_426,891
427,ds_crawl,straight,left,Quadruped_427,891
428,ds_crawl,straight,left,Quadruped_428,891
429,ds_crawl,straight,left,Quadruped_429,891
430,ds_crawl,straight,left,Quadruped_430,891
431,ds_crawl,straight,left,Quadruped_431,891
432,ds_crawl,straight,left,Quadruped_432,891
433,ds_crawl,straight,left,Quadruped_433,891
434,ds_crawl,straight,left,Quadruped_434,891
435,ds_crawl,straight,left,Quadruped_435,891
436,ds_crawl,straight,left,Quadruped_436,891
437,ds_crawl,straight,left,Quadruped_437,891
438,ds_crawl,straight,left,Quadruped_438,891
439,ds_crawl,straight,left,Quadruped_439,891
440,ds_crawl,straight,left,Quadruped_440,891
441,ds_crawl,straight,left,Quadruped_441,891
442,ds_crawl,straight,left,Quadruped_442,891
443,ds_crawl,straight,left,Quadruped_443,891
444,ds_crawl,straight,left,Quadruped_444,891
445,ds_crawl,straight,left,Quadruped_445,891
446,ds_crawl,straight,left,Quadruped_446,891
447,ds_crawl,straight,left,Quadruped_447,891
448,ds_crawl,straight,left,Quadruped_448,891
449,ds_crawl,straight,left,Quadruped_449,891
450,ds_crawl,straight,right,Quadruped_450,900
451,ds_crawl,straight,right,Quadruped_451,891
452,ds_crawl,straight,right,Quadruped_452,891
453,ds_crawl,straight,right,Quadruped_453,891
454,ds_crawl,straight,right,Quadruped_454,891
455,ds_crawl,straight,right,Quadruped_455,891
456,ds_crawl,straight,right,Quadruped_456,891
457,ds_crawl,straight,right,Quadruped_457,891
458,ds_crawl,straight,right,Quadruped_458,891
459,ds_crawl,straight,right,Quadruped_459,891
460,ds_crawl,straight,right,Quadruped_460,891
461,ds_crawl,straight,right,Quadruped_461,891
462,ds_crawl,straight,right,Quadruped_462,891
463,ds_crawl,straight,right,Quadruped_463,891
464,ds_crawl,straight,right,Quadruped_464,891
465,ds_crawl,straight,right,Quadruped_465,891
466,ds_crawl,straight,right,Quadruped_466,891
467,ds_crawl,straight,right,Quadruped_467,891
468,ds_crawl,straight,right,Quadruped_468,891
469,ds_crawl,straight,right,Quadruped_469,891
470,ds_crawl,straight,right,Quadruped_470,891
471,ds_crawl,straight,right,Quadruped_471,891
472,ds_crawl,straight,right,Quadruped_472,891
473,ds_crawl,straight,right,Quadruped_473,891
474,ds_crawl,straight,right,Quadruped_474,891
475,ds_crawl,straight,right,Quadruped_475,891
476,ds_crawl,straight,right,Quadruped_476,891
477,ds_crawl,straight,right,Quadruped_477,891
478,ds_crawl,straight,right,Quadruped_478,891
479,ds_crawl,straight,right,Quadruped_479,891
480,ds_crawl,straight,right,Quadruped_480,891
481,ds_crawl,straight,right,Quadruped_481,891
482,ds_crawl,straight,right,Quadruped_482,891
483,ds_crawl,straight,right,Quadruped_483,891
484,ds_crawl,straight,right,Quadruped_484,891
485,ds_crawl,straight,right,Quadruped_485,891
486,ds_crawl,straight,right,Quadruped_486,891
487,ds_crawl,straight,right,Quadruped_487,891
488,ds_crawl,straight,right,Quadruped_488,891
489,ds_crawl,straight,right,Quadruped_489,891
490,ds_crawl,straight,right,Quadruped_490,891
491,ds_crawl,straight,right,Quadruped_491,891
492,ds_crawl,straight,right,Quadruped_492,891
493,ds_crawl,straight,right,Quadruped_493,891
494,ds_crawl,straight,right,Quadruped_494,891
495,ds_crawl,straight,right,Quadruped_495,891
496,ds_crawl,straight,right,Quadruped_496,891
497,ds_crawl,straight,right,Quadruped_497,891
498,ds_crawl,straight,right,Quadruped_498,891
499,ds_crawl,straight,right,Quadruped_499,891
500,ds_crawl,rotate,left,Quadruped_500,901
501,ds_crawl,rotate,left,Quadruped_501,891
502,ds_crawl,rotate,left,Quadruped_502,891
503,ds_crawl,rotate,left,Quadruped_503,891
504,ds_crawl,rotate,left,Quadruped_504,891
505,ds_crawl,rotate,left,Quadruped_505,891
506,ds_crawl,rotate,left,Quadruped_506,891
507,ds_crawl,rotate,left,Quadruped_507,891
508,ds_crawl,rotate,left,Quadruped_508,891
509,ds_crawl,rotate,left,Quadruped_509,891
510,ds_crawl,rotate,left,Quadruped_510,891
511,ds_crawl,rotate,left,Quadruped_511,891
512,ds_crawl,rotate,left,Quadruped_512,891
513,ds_crawl,rotate,left,Quadruped_513,891
514,ds_crawl,rotate,left,Quadruped_514,891
515,ds_crawl,rotate,left,Quadruped_515,891
516,ds_crawl,rotate,left,Quadruped_516,891
517,ds_crawl,rotate,left,Quadruped_517,891
518,ds_crawl,rotate,left,Quadruped_518,891
519,ds_crawl,rotate,left,Quadruped_519,891
520,ds_crawl,rotate,left,Quadruped_520,891
521,ds_crawl,rotate,left,Quadruped_521,891
522,ds_crawl,rotate,left,Quadruped_522,891
523,ds_crawl,rotate,left,Quadruped_523,891
524,ds_crawl,rotate,left,Quadruped_524,891
525,ds_crawl,rotate,left,Quadruped_525,891
526,ds_crawl,rotate,left,Quadruped_526,891
527,ds_crawl,rotate,left,Quadruped_527,891
528,ds_crawl,rotate,left,Quadruped_528,891
529,ds_crawl,rotate,left,Quadruped_529,891
530,ds_crawl,rotate,left,Quadruped_530,891
531,ds_crawl,rotate,left,Quadruped_531,891
532,ds_crawl,rotate,left,Quadruped_532,891
533,ds_crawl,rotate,left,Quadruped_533,891
534,ds_crawl,rotate,left,Quadruped_534,891
535,ds_crawl,rotate,left,Quadruped_535,891
536,ds_crawl,rotate,left,Quadruped_536,891
537,ds_crawl,rotate,left,Quadruped_537,891
538,ds_crawl,rotate,left,Quadruped_538,891
539,ds_crawl,rotate,left,Quadruped_539,891
540,ds_crawl,rotate,left,Quadruped_540,891
541,ds_crawl,rotate,left,Quadruped_541,891
542,ds_crawl,rotate,left,Quadruped_542,891
543,ds_crawl,rotate,left,Quadruped_543,891
544,ds_crawl,rotate,left,Quadruped_544,891
545,ds_crawl,rotate,left,Quadruped_545,891
546,ds_crawl,rotate,left,Quadruped_546,891
547,ds_crawl,rotate,left,Quadruped_547,891
548,ds_crawl,rotate,left,Quadruped_548,891
549,ds_crawl,rotate,left,Quadruped_549,891
550,ds_crawl,rotate,right,Quadruped_550,902
551,ds_crawl,rotate,right,Quadruped_551,891
552,ds_crawl,rotate,right,Quadruped_552,891
553,ds_crawl,rotate,right,Quadruped_553,891
554,ds_crawl,rotate,right,Quadruped_554,891
555,ds_crawl,rotate,right,Quadruped_555,891
556,ds_crawl,rotate,right,Quadruped_556,891
557,ds_crawl,rotate,right,Quadruped_557,891
558,ds_crawl,rotate,right,Quadruped_558,891
559,ds_crawl,rotate,right,Quadruped_559,891
560,ds_crawl,rotate,right,Quadruped_560,891
561,ds_crawl,rotate,right,Quadruped_561,891
562,ds_crawl,rotate,right,Quadruped_562,891
563,ds_crawl,rotate,right,Quadruped_563,891
564,ds_crawl,rotate,right,Quadruped_564,891
565,ds_crawl,rotate,right,Quadruped_565,891
566,ds_crawl,rotate,right,Quadruped_566,891
567,ds_crawl,rotate,right,Quadruped_567,891
568,ds_crawl,rotate,right,Quadruped_568,891
569,ds_crawl,rotate,right,Quadruped_569,891
570,ds_crawl,rotate,right,Quadruped_570,891
571,ds_crawl,rotate,right,Quadruped_571,891
572,ds_crawl,rotate,right,Quadruped_572,891
573,ds_crawl,rotate,right,Quadruped_573,891
574,ds_crawl,rotate,right,Quadruped_574,891
575,ds_crawl,rotate,right,Quadruped_575,891
576,ds_crawl,rotate,right,Quadruped_576,891
577,ds_crawl,rotate,right,Quadruped_577,891
578,ds_crawl,rotate,right,Quadruped_578,891
579,ds_crawl,rotate,right,Quadruped_579,891
580,ds_crawl,rotate,right,Quadruped_580,891
581,ds_crawl,rotate,right,Quadruped_581,891
582,ds_crawl,rotate,right,Quadruped_582,891
583,ds_crawl,rotate,right,Quadruped_583,891
584,ds_crawl,rotate,right,Quadruped_584,891
585,ds_crawl,rotate,right,Quadruped_585,891
586,ds_crawl,rotate,right,Quadruped_586,891
587,ds_crawl,rotate,right,Quadruped_587,891
588,ds_crawl,rotate,right,Quadruped_588,891
589,ds_crawl,rotate,right,Quadruped_589,891
590,ds_crawl,rotate,right,Quadruped_590,891
591,ds_crawl,rotate,right,Quadruped_591,891
592,ds_crawl,rotate,right,Quadruped_592,891
593,ds_crawl,rotate,right,Quadruped_593,891
594,ds_crawl,rotate,right,Quadruped_594,891
595,ds_crawl,rotate,right,Quadruped_595,891
596,ds_crawl,rotate,right,Quadruped_596,891
597,ds_crawl,rotate,right,Quadruped_597,891
598,ds_crawl,rotate,right,Quadruped_598,891
599,ds_crawl,rotate,right,Quadruped_599,891
600,ds_crawl,turn,left,Quadruped_600,906
601,ds_crawl,turn,left,Quadruped_601,891
602,ds_crawl,turn,left,Quadruped_602,891
603,ds_crawl,turn,left,Quadruped_603,891
604,ds_crawl,turn,left,Quadruped_604,891
605,ds_crawl,turn,left,Quadruped_605,891
606,ds_crawl,turn,left,Quadruped_606,891
607,ds_crawl,turn,left,Quadruped_607,891
608,ds_crawl,turn,left,Quadruped_608,891
609,ds_crawl,turn,left,Quadruped_609,891
610,ds_crawl,turn,left,Quadruped_610,891
611,ds_crawl,turn,left,Quadruped_611,891
612,ds_crawl,turn,left,Quadruped_612,891
613,ds_crawl,turn,left,Quadruped_613,891
614,ds_crawl,turn,left,Quadruped_614,891
615,ds_crawl,turn,left,Quadruped_615,891
616,ds_crawl,turn,left,Quadruped_616,891
617,ds_crawl,turn,left,Quadruped_617,891
618,ds_crawl,turn,left,Quadruped_618,891
619,ds_crawl,turn,left,Quadruped_619,891
620,ds_crawl,turn,left,Quadruped_620,891
621,ds_crawl,turn,left,Quadruped_621,891
622,ds_crawl,turn,left,Quadruped_622,891
623,ds_crawl,turn,left,Quadruped_623,891
624,ds_crawl,turn,left,Quadruped_624,891
625,ds_crawl,turn,left,Quadruped_625,891
626,ds_crawl,turn,left,Quadruped_626,891
627,ds_crawl,turn,left,Quadruped_627,891
628,ds_crawl,turn,left,Quadruped_628,891
629,ds_crawl,turn,left,Quadruped_629,891
630,ds_crawl,turn,left,Quadruped_630,891
631,ds_crawl,turn,left,Quadruped_631,891
632,ds_crawl,turn,left,Quadruped_632,891
633,ds_crawl,turn,left,Quadruped_633,891
634,ds_crawl,turn,left,Quadruped_634,891
635,ds_crawl,turn,left,Quadruped_635,891
636,ds_crawl,turn,left,Quadruped_636,891
637,ds_crawl,turn,left,Quadruped_637,891
638,ds_crawl,turn,left,Quadruped_638,891
639,ds_crawl,turn,left,Quadruped_639,891
640,ds_crawl,turn,left,Quadruped_640,891
641,ds_crawl,turn,left,Quadruped_641,891
642,ds_crawl,turn,left,Quadruped_642,891
643,ds_crawl,turn,left,Quadruped_643,891
644,ds_crawl,turn,left,Quadruped_644,891
645,ds_crawl,turn,left,Quadruped_645,891
646,ds_crawl,turn,left,Quadruped_646,891
647,ds_crawl,turn,left,Quadruped_647,891
648,ds_crawl,turn,left,Quadruped_648,891
649,ds_crawl,turn,left,Quadruped_649,891
650,ds_crawl,turn,right,Quadruped_650,911
651,ds_crawl,turn,right,Quadruped_651,891
652,ds_crawl,turn,right,Quadruped_652,891
653,ds_crawl,turn,right,Quadruped_653,891
654,ds_crawl,turn,right,Quadruped_654,891
655,ds_crawl,turn,right,Quadruped_655,891
656,ds_crawl,turn,right,Quadruped_656,891
657,ds_crawl,turn,right,Quadruped_657,891
658,ds_crawl,turn,right,Quadruped_658,891
659,ds_crawl,turn,right,Quadruped_659,891
660,ds_crawl,turn,right,Quadruped_660,891
661,ds_crawl,turn,right,Quadruped_661,891
662,ds_crawl,turn,right,Quadruped_662,891
663,ds_crawl,turn,right,Quadruped_663,891
664,ds_crawl,turn,right,Quadruped_664,891
665,ds_crawl,turn,right,Quadruped_665,891
666,ds_crawl,turn,right,Quadruped_666,891
667,ds_crawl,turn,right,Quadruped_667,891
668,ds_crawl,turn,right,Quadruped_668,891
669,ds_crawl,turn,right,Quadruped_669,891
670,ds_crawl,turn,right,Quadruped_670,891
671,ds_crawl,turn,right,Quadruped_671,891
672,ds_crawl,turn,right,Quadruped_672,891
673,ds_crawl,turn,right,Quadruped_673,891
674,ds_crawl,turn,right,Quadruped_674,891
675,ds_crawl,turn,right,Quadruped_675,891
676,ds_crawl,turn,right,Quadruped_676,891
677,ds_crawl,turn,right,Quadruped_677,891
678,ds_crawl,turn,right,Quadruped_678,891
679,ds_crawl,turn,right,Quadruped_679,891
680,ds_crawl,turn,right,Quadruped_680,891
681,ds_crawl,turn,right,Quadruped_681,891
682,ds_crawl,turn,right,Quadruped_682,891
683,ds_crawl,turn,right,Quadruped_683,891
684,ds_crawl,turn,right,Quadruped_684,891
685,ds_crawl,turn,right,Quadruped_685,891
686,ds_crawl,turn,right,Quadruped_686,891
687,ds_crawl,turn,right,Quadruped_687,891
688,ds_crawl,turn,right,Quadruped_688,891
689,ds_crawl,turn,right,Quadruped_689,891
690,ds_crawl,turn,right,Quadruped_690,891
691,ds_crawl,turn,right,Quadruped_691,891
692,ds_crawl,turn,right,Quadruped_692,891
693,ds_crawl,turn,right,Quadruped_693,891
694,ds_crawl,turn,right,Quadruped_694,891
695,ds_crawl,turn,right,Quadruped_695,891
696,ds_crawl,turn,right,Quadruped_696,891
697,ds_crawl,turn,right,Quadruped_697,891
698,ds_crawl,turn,right,Quadruped_698,891
699,ds_crawl,turn,right,Quadruped_699,891
700,ls_crawl,straight,forward,Quadruped_700,901
701,ls_crawl,straight,forward,Quadruped_701,891
702,ls_crawl,straight,forward,Quadruped_702,891
703,ls_crawl,straight,forward,Quadruped_703,891
704,ls_crawl,straight,forward,Quadruped_704,891
705,ls_crawl,straight,forward,Quadruped_705,891
706,ls_crawl,straight,forward,Quadruped_706,891
707,ls_crawl,straight,forward,Quadruped_707,891
708,ls_crawl,straight,forward,Quadruped_708,891
709,ls_crawl,straight,forward,Quadruped_709,891
710,ls_crawl,straight,forward,Quadruped_710,891
711,ls_crawl,straight,forward,Quadruped_711,891
712,ls_crawl,straight,forward,Quadruped_712,891
713,ls_crawl,straight,forward,Quadruped_713,891
714,ls_crawl,straight,forward,Quadruped_714,891
715,ls_crawl,straight,forward,Quadruped_715,891
716,ls_crawl,straight,forward,Quadruped_716,891
717,ls_crawl,straight,forward,Quadruped_717,891
718,ls_crawl,straight,forward,Quadruped_718,891
719,ls_crawl,straight,forward,Quadruped_719,891
720,ls_crawl,straight,forward,Quadruped_720,891
721,ls_crawl,straight,forward,Quadruped_721,891
722,ls_crawl,straight,forward,Quadruped_722,891
723,ls_crawl,straight,forward,Quadruped_723,891
724,ls_crawl,straight,forward,Quadruped_724,891
725,ls_crawl,straight,forward,Quadruped_725,891
726,ls_crawl,straight,forward,Quadruped_726,891
727,ls_crawl,straight,forward,Quadruped_727,891
728,ls_crawl,straight,forward,Quadruped_728,891
729,ls_crawl,straight,forward,Quadruped_729,891
730,ls_crawl,straight,forward,Quadruped_730,891
731,ls_crawl,straight,forward,Quadruped_731,891
732,ls_crawl,straight,forward,Quadruped_732,891
733,ls_crawl,straight,forward,Quadruped_733,891
734,ls_crawl,straight,forward,Quadruped_734,891
735,ls_crawl,straight,forward,Quadruped_735,891
736,ls_crawl,straight,forward,Quadruped_736,891
737,ls_crawl,straight,forward,Quadruped_737,891
738,ls_crawl,straight,forward,Quadruped_738,891
739,ls_crawl,straight,forward,Quadruped_739,891
740,ls_crawl,straight,forward,Quadruped_740,891
741,ls_crawl,straight,forward,Quadruped_741,891
742,ls_crawl,straight,forward,Quadruped_742,891
743,ls_crawl,straight,forward,Quadruped_743,891
744,ls_crawl,straight,forward,Quadruped_744,891
745,ls_crawl,straight,forward,Quadruped_745,891
746,ls_crawl,straight,forward,Quadruped_746,891
747,ls_crawl,straight,forward,Quadruped_747,891
748,ls_crawl,straight,forward,Quadruped_748,891
749,ls_crawl,straight,forward,Quadruped_749,891
750,ls_crawl,straight,backward,Quadruped_750,900
751,ls_crawl,straight,backward,Quadruped_751,891
752,ls_crawl,straight,backward,Quadruped_752,891
753,ls_crawl,straight,backward,Quadruped_753,891
754,ls_crawl,straight,backward,Quadruped_754,891
755,ls_crawl,straight,backward,Quadruped_755,891
756,ls_crawl,straight,backward,Quadruped_756,891
757,ls_crawl,straight,backward,Quadruped_757,891
758,ls_crawl,straight,backward,Quadruped_758,891
759,ls_crawl,straight,backward,Quadruped_759,891
760,ls_crawl,straight,backward,Quadruped_760,891
761,ls_crawl,straight,backward,Quadruped_761,891
762,ls_crawl,straight,backward,Quadruped_762,891
763,ls_crawl,straight,backward,Quadruped_763,891
764,ls_crawl,straight,backward,Quadruped_764,891
765,ls_crawl,straight,backward,Quadruped_765,891
766,ls_crawl,straight,backward,Quadruped_766,891
767,ls_crawl,straight,backward,Quadruped_767,891
768,ls_crawl,straight,backward,Quadruped_768,891
769,ls_crawl,straight,backward,Quadruped_769,891
770,ls_crawl,straight,backward,Quadruped_770,891
771,ls_crawl,straight,backward,Quadruped_771,891
772,ls_crawl,straight,backward,Quadruped_772,891
773,ls_crawl,straight,backward,Quadruped_773,891
774,ls_crawl,straight,backward,Quadruped_774,891
775,ls_crawl,straight,backward,Quadruped_775,891
776,ls_crawl,straight,backward,Quadruped_776,891
777,ls_crawl,straight,backward,Quadruped_777,891
778,ls_crawl,straight,backward,Quadruped_778,891
779,ls_crawl,straight,backward,Quadruped_779,891
780,ls_crawl,straight,backward,Quadruped_780,891
781,ls_crawl,straight,backward,Quadruped_781,891
782,ls_crawl,straight,backward,Quadruped_782,891
783,ls_crawl,straight,backward,Quadruped_783,891
784,ls_crawl,straight,backward,Quadruped_784,891
785,ls_crawl,straight,backward,Quadruped_785,891
786,ls_crawl,straight,backward,Quadruped_786,891
787,ls_crawl,straight,backward,Quadruped_787,891
788,ls_crawl,straight,backward,Quadruped_788,891
789,ls_crawl,straight,backward,Quadruped_789,891
790,ls_crawl,straight,backward,Quadruped_790,891
791,ls_crawl,straight,backward,Quadruped_791,891
792,ls_crawl,straight,backward,Quadruped_792,891
793,ls_crawl,straight,backward,Quadruped_793,891
794,ls_crawl,straight,backward,Quadruped_794,891
795,ls_crawl,straight,backward,Quadruped_795,891
796,ls_crawl,straight,backward,Quadruped_796,891
797,ls_crawl,straight,backward,Quadruped_797,891
798,ls_crawl,straight,backward,Quadruped_798,891
799,ls_crawl,straight,backward,Quadruped_799,891
800,ls_crawl,straight,left,Quadruped_800,902
801,ls_crawl,straight,left,Quadruped_801,891
802,ls_crawl,straight,left,Quadruped_802,891
803,ls_crawl,straight,left,Quadruped_803,891
804,ls_crawl,straight,left,Quadruped_804,891
805,ls_crawl,straight,left,Quadruped_805,891
806,ls_crawl,straight,left,Quadruped_806,891
807,ls_crawl,straight,left,Quadruped_807,891
808,ls_crawl,straight,left,Quadruped_808,891
809,ls_crawl,straight,left,Quadruped_809,891
810,ls_crawl,straight,left,Quadruped_810,891
811,ls_crawl,straight,left,Quadruped_811,891
812,ls_crawl,straight,left,Quadruped_812,891
813,ls_crawl,straight,left,Quadruped_813,891
814,ls_crawl,straight,left,Quadruped_814,891
815,ls_crawl,straight,left,Quadruped_815,891
816,ls_crawl,straight,left,Quadruped_816,891
817,ls_crawl,straight,left,Quadruped_817,891
818,ls_crawl,straight,left,Quadruped_818,891
819,ls_crawl,straight,left,Quadruped_819,891
820,ls_crawl,straight,left,Quadruped_820,891
821,ls_crawl,straight,left,Quadruped_821,891
822,ls_crawl,straight,left,Quadruped_822,891
823,ls_crawl,straight,left,Quadruped_823,891
824,ls_crawl,straight,left,Quadruped_824,891
825,ls_crawl,straight,left,Quadruped_825,891
826,ls_crawl,straight,left,Quadruped_826,891
827,ls_crawl,straight,left,Quadruped_827,891
828,ls_crawl,straight,left,Quadruped_828,891
829,ls_crawl,straight,left,Quadruped_829,891
830,ls_crawl,straight,left,Quadruped_830,891
831,ls_crawl,straight,left,Quadruped_831,891
832,ls_crawl,straight,left,Quadruped_832,891
833,ls_crawl,straight,left,Quadruped_833,891
834,ls_crawl,straight,left,Quadruped_834,891
835,ls_crawl,straight,left,Quadruped_835,891
836,ls_crawl,straight,left,Quadruped_836,891
837,ls_crawl,straight,left,Quadruped_837,891
838,ls_crawl,straight,left,Quadruped_838,891
839,ls_crawl,straight,left,Quadruped_839,891
840,ls_crawl,straight,left,Quadruped_840,891
841,ls_crawl,straight,left,Quadruped_841,891
842,ls_crawl,straight,left,Quadruped_842,891
843,ls_crawl,straight,left,Quadruped_843,891
844,ls_crawl,straight,left,Quadruped_844,891
845,ls_crawl,straight,left,Quadruped_845,891
846,ls_crawl,straight,left,Quadruped_846,891
847,ls_crawl,straight,left,Quadruped_847,891
848,ls_crawl,straight,left,Quadruped_848,891
849,ls_crawl,straight,left,Quadruped_849,891
850,ls_crawl,straight,right,Quadruped_850,922
851,ls_crawl,straight,right,Quadruped_851,891
852,ls_crawl,straight,right,Quadruped_852,891
853,ls_crawl,straight,right,Quadruped_853,891
854,ls_crawl,straight,right,Quadruped_854,891
855,ls_crawl,straight,right,Quadruped_855,891
856,ls_crawl,straight,right,Quadruped_856,891
857,ls_crawl,straight,right,Quadruped_857,891
858,ls_crawl,straight,right,Quadruped_858,891
859,ls_crawl,straight,right,Quadruped_859,891
860,ls_crawl,straight,right,Quadruped_860,891
861,ls_crawl,straight,right,Quadruped_861,891
862,ls_crawl,straight,right,Quadruped_862,891
863,ls_crawl,straight,right,Quadruped_863,891
864,ls_crawl,straight,right,Quadruped_864,891
865,ls_crawl,straight,right,Quadruped_865,891
866,ls_crawl,straight,right,Quadruped_866,891
867,ls_crawl,straight,right,Quadruped_867,891
868,ls_crawl,straight,right,Quadruped_868,891
869,ls_crawl,straight,right,Quadruped_869,891
870,ls_crawl,straight,right,Quadruped_870,891
871,ls_crawl,straight,right,Quadruped_871,891
872,ls_crawl,straight,right,Quadruped_872,891
873,ls_crawl,straight,right,Quadruped_873,891
874,ls_crawl,straight,right,Quadruped_874,891
875,ls_crawl,straight,right,Quadruped_875,891
876,ls_crawl,straight,right,Quadruped_876,891
877,ls_crawl,straight,right,Quadruped_877,891
878,ls_crawl,straight,right,Quadruped_878,891
879,ls_crawl,straight,right,Quadruped_879,891
880,ls_crawl,straight,right,Quadruped_880,891
881,ls_crawl,straight,right,Quadruped_881,891
882,ls_crawl,straight,right,Quadruped_882,891
883,ls_crawl,straight,right,Quadruped_883,891
884,ls_crawl,straight,right,Quadruped_884,891
885,ls_crawl,straight,right,Quadruped_885,891
886,ls_crawl,straight,right,Quadruped_886,891
887,ls_crawl,straight,right,Quadruped_887,891
888,ls_crawl,straight,right,Quadruped_888,891
889,ls_crawl,straight,right,Quadruped_889,891
890,ls_crawl,straight,right,Quadruped_890,891
891,ls_crawl,straight,right,Quadruped_891,891
892,ls_crawl,straight,right,Quadruped_892,891
893,ls_crawl,straight,right,Quadruped_893,891
894,ls_crawl,straight,right,Quadruped_894,891
895,ls_crawl,straight,right,Quadruped_895,891
896,ls_crawl,straight,right,Quadruped_896,891
897,ls_crawl,straight,right,Quadruped_897,891
898,ls_crawl,straight,right,Quadruped_898,891
899,ls_crawl,straight,right,Quadruped_899,891
900,ls_crawl,rotate,left,Quadruped_900,911
901,ls_crawl,rotate,left,Quadruped_901,891
902,ls_crawl,rotate,left,Quadruped_902,891
903,ls_crawl,rotate,left,Quadruped_903,891
904,ls_crawl,rotate,left,Quadruped_904,891
905,ls_crawl,rotate,left,Quadruped_905,891
906,ls_crawl,rotate,left,Quadruped_906,891
907,ls_crawl,rotate,left,Quadruped_907,891
908,ls_crawl,rotate,left,Quadruped_908,891
909,ls_crawl,rotate,left,Quadruped_909,891
910,ls_crawl,rotate,left,Quadruped_910,891
911,ls_crawl,rotate,left,Quadruped_911,891
912,ls_crawl,rotate,left,Quadruped_912,891
913,ls_crawl,rotate,left,Quadruped_913,891
914,ls_crawl,rotate,left,Quadruped_914,891
915,ls_crawl,rotate,left,Quadruped_915,891
916,ls_crawl,rotate,left,Quadruped_916,891
917,ls_crawl,rotate,left,Quadruped_917,891
918,ls_crawl,rotate,left,Quadruped_918,891
919,ls_crawl,rotate,left,Quadruped_919,891
920,ls_crawl,rotate,left,Quadruped_920,891
921,ls_crawl,rotate,left,Quadruped_921,891
922,ls_crawl,rotate,left,Quadruped_922,891
923,ls_crawl,rotate,left,Quadruped_923,891
924,ls_crawl,rotate,left,Quadruped_924,891
925,ls_crawl,rotate,left,Quadruped_925,891
926,ls_crawl,rotate,left,Quadruped_926,891
927,ls_crawl,rotate,left,Quadruped_927,891
928,ls_crawl,rotate,left,Quadruped_928,891
929,ls_crawl,rotate,left,Quadruped_929,891
930,ls_crawl,rotate,left,Quadruped_930,891
931,ls_crawl,rotate,left,Quadruped_931,891
932,ls_crawl,rotate,left,Quadruped_932,891
933,ls_crawl,rotate,left,Quadruped_933,891
934,ls_crawl,rotate,left,Quadruped_934,891
935,ls_crawl,rotate,left,Quadruped_935,891
936,ls_crawl,rotate,left,Quadruped_936,891
937,ls_crawl,rotate,left,Quadruped_937,891
938,ls_crawl,rotate,left,Quadruped_938,891
939,ls_crawl,rotate,left,Quadruped_939,891
940,ls_crawl,rotate,left,Quadruped_940,891
941,ls_crawl,rotate,left,Quadruped_941,891
942,ls_crawl,rotate,left,Quadruped_942,891
943,ls_crawl,rotate,left,Quadruped_943,891
944,ls_crawl,rotate,left,Quadruped_944,891
945,ls_crawl,rotate,left,Quadruped_945,891
946,ls_crawl,rotate,left,Quadruped_946,891
947,ls_crawl,rotate,left,Quadruped_947,891
948,ls_crawl,rotate,left,Quadruped_948,891
949,ls_crawl,rotate,left,Quadruped_949,891
950,ls_crawl,rotate,right,Quadruped_950,899
951,ls_crawl,rotate,right,Quadruped_951,891
952,ls_crawl,rotate,right,Quadruped_952,891
953,ls_crawl,rotate,right,Quadruped_953,891
954,ls_crawl,rotate,right,Quadruped_954,891
955,ls_crawl,rotate,right,Quadruped_955,891
956,ls_crawl,rotate,right,Quadruped_956,891
957,ls_crawl,rotate,right,Quadruped_957,891
958,ls_crawl,rotate,right,Quadruped_958,891
959,ls_crawl,rotate,right,Quadruped_959,891
960,ls_crawl,rotate,right,Quadruped_960,891
961,ls_crawl,rotate,right,Quadruped_961,891
962,ls_crawl,rotate,right,Quadruped_962,891
963,ls_crawl,rotate,right,Quadruped_963,891
964,ls_crawl,rotate,right,Quadruped_964,891
965,ls_crawl,rotate,right,Quadruped_965,891
966,ls_crawl,rotate,right,Quadruped_966,891
967,ls_crawl,rotate,right,Quadruped_967,891
968,ls_crawl,rotate,right,Quadruped_968,891
969,ls_crawl,rotate,right,Quadruped_969,891
970,ls_crawl,rotate,right,Quadruped_970,891
971,ls_crawl,rotate,right,Quadruped_971,891
972,ls_crawl,rotate,right,Quadruped_972,891
973,ls_crawl,rotate,right,Quadruped_973,891
974,ls_crawl,rotate,right,Quadruped_974,891
975,ls_crawl,rotate,right,Quadruped_975,891
976,ls_crawl,rotate,right,Quadruped_976,891
977,ls_crawl,rotate,right,Quadruped_977,891
978,ls_crawl,rotate,right,Quadruped_978,891
979,ls_crawl,rotate,right,Quadruped_979,891
980,ls_crawl,rotate,right,Quadruped_980,891
981,ls_crawl,rotate,right,Quadruped_981,891
982,ls_crawl,rotate,right,Quadruped_982,891
983,ls_crawl,rotate,right,Quadruped_983,891
984,ls_crawl,rotate,right,Quadruped_984,891
985,ls_crawl,rotate,right,Quadruped_985,891
986,ls_crawl,rotate,right,Quadruped_986,891
987,ls_crawl,rotate,right,Quadruped_987,891
988,ls_crawl,rotate,right,Quadruped_988,891
989,ls_crawl,rotate,right,Quadruped_989,891
990,ls_crawl,rotate,right,Quadruped_990,891
991,ls_crawl,rotate,right,Quadruped_991,891
992,ls_crawl,rotate,right,Quadruped_992,891
993,ls_crawl,rotate,right,Quadruped_993,891
994,ls_crawl,rotate,right,Quadruped_994,891
995,ls_crawl,rotate,right,Quadruped_995,891
996,ls_crawl,rotate,right,Quadruped_996,891
997,ls_crawl,rotate,right,Quadruped_997,891
998,ls_crawl,rotate,right,Quadruped_998,891
999,ls_crawl,rotate,right,Quadruped_999,891
1000,ls_crawl,turn,left,Quadruped_1000,900
1001,ls_crawl,turn,left,Quadruped_1001,891
1002,ls_crawl,turn,left,Quadruped_1002,891
1003,ls_crawl,turn,left,Quadruped_1003,891
1004,ls_crawl,turn,left,Quadruped_1004,891
1005,ls_crawl,turn,left,Quadruped_1005,891
1006,ls_crawl,turn,left,Quadruped_1006,891
1007,ls_crawl,turn,left,Quadruped_1007,891
1008,ls_crawl,turn,left,Quadruped_1008,891
1009,ls_crawl,turn,left,Quadruped_1009,891
1010,ls_crawl,turn,left,Quadruped_1010,891
1011,ls_crawl,turn,left,Quadruped_1011,891
1012,ls_crawl,turn,left,Quadruped_1012,891
1013,ls_crawl,turn,left,Quadruped_1013,891
1014,ls_crawl,turn,left,Quadruped_1014,891
1015,ls_crawl,turn,left,Quadruped_1015,891
1016,ls_crawl,turn,left,Quadruped_1016,891
1017,ls_crawl,turn,left,Quadruped_1017,891
1018,ls_crawl,turn,left,Quadruped_1018,891
1019,ls_crawl,turn,left,Quadruped_1019,891
1020,ls_crawl,turn,left,Quadruped_1020,891
1021,ls_crawl,turn,left,Quadruped_1021,891
1022,ls_crawl,turn,left,Quadruped_1022,891
1023,ls_crawl,turn,left,Quadruped_1023,891
1024,ls_crawl,turn,left,Quadruped_1024,891
1025,ls_crawl,turn,left,Quadruped_1025,891
1026,ls_crawl,turn,left,Quadruped_1026,891
1027,ls_crawl,turn,left,Quadruped_1027,891
1028,ls_crawl,turn,left,Quadruped_1028,891
1029,ls_crawl,turn,left,Quadruped_1029,891
1030,ls_crawl,turn,left,Quadruped_1030,891
1031,ls_crawl,turn,left,Quadruped_1031,891
1032,ls_crawl,turn,left,Quadruped_1032,891
1033,ls_crawl,turn,left,Quadruped_1033,891
1034,ls_crawl,turn,left,Quadruped_1034,891
1035,ls_crawl,turn,left,Quadruped_1035,891
1036,ls_crawl,turn,left,Quadruped_1036,891
1037,ls_crawl,turn,left,Quadruped_1037,891
1038,ls_crawl,turn,left,Quadruped_1038,891
1039,ls_crawl,turn,left,Quadruped_1039,891
1040,ls_crawl,turn,left,Quadruped_1040,891
1041,ls_crawl,turn,left,Quadruped_1041,891
1042,ls_crawl,turn,left,Quadruped_1042,891
1043,ls_crawl,turn,left,Quadruped_1043,891
1044,ls_crawl,turn,left,Quadruped_1044,891
1045,ls_crawl,turn,left,Quadruped_1045,891
1046,ls_crawl,turn,left,Quadruped_1046,891
1047,ls_crawl,turn,left,Quadruped_1047,891
1048,ls_crawl,turn,left,Quadruped_1048,891
1049,ls_crawl,turn,left,Quadruped_1049,891
1050,ls_crawl,turn,right,Quadruped_1050,897
1051,ls_crawl,turn,right,Quadruped_1051,891
1052,ls_crawl,turn,right,Quadruped_1052,891
1053,ls_crawl,turn,right,Quadruped_1053,891
1054,ls_crawl,turn,right,Quadruped_1054,891
1055,ls_crawl,turn,right,Quadruped_1055,891
1056,ls_crawl,turn,right,Quadruped_1056,891
1057,ls_crawl,turn,right,Quadruped_1057,891
1058,ls_crawl,turn,right,Quadruped_1058,891
1059,ls_crawl,turn,right,Quadruped_1059,891
1060,ls_crawl,turn,right,Quadruped_1060,891
1061,ls_crawl,turn,right,Quadruped_1061,891
1062,ls_crawl,turn,right,Quadruped_1062,891
1063,ls_crawl,turn,right,Quadruped_1063,891
1064,ls_crawl,turn,right,Quadruped_1064,891
1065,ls_crawl,turn,right,Quadruped_1065,891
1066,ls_crawl,turn,right,Quadruped_1066,891
1067,ls_crawl,turn,right,Quadruped_1067,891
1068,ls_crawl,turn,right,Quadruped_1068,891
1069,ls_crawl,turn,right,Quadruped_1069,891
1070,ls_crawl,turn,right,Quadruped_1070,891
1071,ls_crawl,turn,right,Quadruped_1071,891
1072,ls_crawl,turn,right,Quadruped_1072,891
1073,ls_crawl,turn,right,Quadruped_1073,891
1074,ls_crawl,turn,right,Quadruped_1074,891
1075,ls_crawl,turn,right,Quadruped_1075,891
1076,ls_crawl,turn,right,Quadruped_1076,891
1077,ls_crawl,turn,right,Quadruped_1077,891
1078,ls_crawl,turn,right,Quadruped_1078,891
1079,ls_crawl,turn,right,Quadruped_1079,891
1080,ls_crawl,turn,right,Quadruped_1080,891
1081,ls_crawl,turn,right,Quadruped_1081,891
1082,ls_crawl,turn,right,Quadruped_1082,891
1083,ls_crawl,turn,right,Quadruped_1083,891
1084,ls_crawl,turn,right,Quadruped_1084,891
1085,ls_crawl,turn,right,Quadruped_1085,891
1086,ls_crawl,turn,right,Quadruped_1086,891
1087,ls_crawl,turn,right,Quadruped_1087,891
1088,ls_crawl,turn,right,Quadruped_1088,891
1089,ls_crawl,turn,right,Quadruped_1089,891
1090,ls_crawl,turn,right,Quadruped_1090,891
1091,ls_crawl,turn,right,Quadruped_1091,891
1092,ls_crawl,turn,right,Quadruped_1092,891
1093,ls_crawl,turn,right,Quadruped_1093,891
1094,ls_crawl,turn,right,Quadruped_1094,891
1095,ls_crawl,turn,right,Quadruped_1095,891
1096,ls_crawl,turn,right,Quadruped_1096,891
1097,ls_crawl,turn,right,Quadruped_1097,891
1098,ls_crawl,turn,right,Quadruped_1098,891
1099,ls_crawl,turn,right,Quadruped_1099,891
